License,Franchise,Country,Region,Latitude,Longitude,CountryWikidata,CoordinateSource,FranchiseOriginSource,VerificationStatus,OriginConfidence,OriginBasis
"""Bobs Big Boy""",Bobs Big Boy,United States,North America,39.828175,-98.5795,Q30,https://www.wikidata.org/wiki/Q30,,Unverified,Unverified,Country assignment present without an explicit franchise-origin source
"""Bram Stokers Dracula""",Bram Stokers Dracula,United States,North America,39.828175,-98.5795,Q30,https://www.wikidata.org/wiki/Q30,,Unverified,Unverified,Country assignment present without an explicit franchise-origin source
"""Cap n Crunch""",Cap n Crunch,United States,North America,39.828175,-98.5795,Q30,https://www.wikidata.org/wiki/Q30,,Unverified,Unverified,Country assignment present without an explicit franchise-origin source
"""Childs Play""",Childs Play,United States,North America,39.828175,-98.5795,Q30,https://www.wikidata.org/wiki/Q30,,Unverified,Unverified,Country assignment present without an explicit franchise-origin source
"""Dexters Laboratory""",Dexters Laboratory,United States,North America,39.828175,-98.5795,Q30,https://www.wikidata.org/wiki/Q30,,Unverified,Unverified,Country assignment present without an explicit franchise-origin source
"""Emperors New Groove""",Emperors New Groove,United States,North America,39.828175,-98.5795,Q30,https://www.wikidata.org/wiki/Q30,,Unverified,Unverified,Country assignment present without an explicit franchise-origin source
"""Five Nights at Freddys""",Five Nights at Freddys,United States,North America,39.828175,-98.5795,Q30,https://www.wikidata.org/wiki/Q30,https://www.wikidata.org/wiki/Q17618314,Verified,High,Wikidata country of origin = United States
"""Hersheys""",Hersheys,United States,North America,39.828175,-98.5795,Q30,https://www.wikidata.org/wiki/Q30,,Unverified,Unverified,Country assignment present without an explicit franchise-origin source
"""Its a Small World""",Its a Small World,United States,North America,39.828175,-98.5795,Q30,https://www.wikidata.org/wiki/Q30,,Unverified,Unverified,Country assignment present without an explicit franchise-origin source
"""McDonalds""",McDonalds,United States,North America,39.828175,-98.5795,Q30,https://www.wikidata.org/wiki/Q30,,Unverified,Unverified,Country assignment present without an explicit franchise-origin source
"""National Lampoons Chistmas Vacation""",National Lampoons Chistmas Vacation,United States,North America,39.828175,-98.5795,Q30,https://www.wikidata.org/wiki/Q30,,Unverified,Unverified,Country assignment present without an explicit franchise-origin source
"""Schitts Creek""",Schitts Creek,Canada,North America,60.0,-110.0,Q16,https://www.wikidata.org/wiki/Q16,https://www.wikidata.org/wiki/Q111427725,Verified,High,Explicit franchise-origin source supplied in lookup
"""The Queens Gambit""",The Queens Gambit,United States,North America,39.828175,-98.5795,Q30,https://www.wikidata.org/wiki/Q30,,Unverified,Unverified,Country assignment present without an explicit franchise-origin source
"""Tiny Tinas Wonderlands""",Tiny Tinas Wonderlands,United States,North America,39.828175,-98.5795,Q30,https://www.wikidata.org/wiki/Q30,,Unverified,Unverified,Country assignment present without an explicit franchise-origin source
101 Dalmatians,101 Dalmatians,United States,North America,39.828175,-98.5795,Q30,https://www.wikidata.org/wiki/Q30,,Unverified,Unverified,Country assignment present without an explicit franchise-origin source
Aaliyah,Aaliyah,United States,North America,39.828175,-98.5795,Q30,https://www.wikidata.org/wiki/Q30,,Unverified,Unverified,Country assignment present without an explicit franchise-origin source
AC/DC,AC/DC,Australia,Asia-Pacific,-25.0,133.0,Q408,https://www.wikidata.org/wiki/Q408,https://www.wikidata.org/wiki/Q27593,Verified,High,Explicit franchise-origin source supplied in lookup
Adventure Time,Adventure Time,United States,North America,39.828175,-98.5795,Q30,https://www.wikidata.org/wiki/Q30,https://www.wikidata.org/wiki/Q53093,Verified,High,Wikidata country of origin = United States
"Aladdin,Ultimate Princess Collection","Aladdin,Ultimate Princess Collection",United States,North America,39.828175,-98.5795,Q30,https://www.wikidata.org/wiki/Q30,,Unverified,Unverified,Country assignment present without an explicit franchise-origin source
Alice in Wonderland,Alice in Wonderland,United States,North America,39.828175,-98.5795,Q30,https://www.wikidata.org/wiki/Q30,,Unverified,Unverified,Country assignment present without an explicit franchise-origin source
"Alice in Wonderland,Disney Villains","Alice in Wonderland,Disney Villains",United States,North America,39.828175,-98.5795,Q30,https://www.wikidata.org/wiki/Q30,,Unverified,Unverified,Country assignment present without an explicit franchise-origin source
Alien,Alien,United States,North America,39.828175,-98.5795,Q30,https://www.wikidata.org/wiki/Q30,,Unverified,Unverified,Country assignment present without an explicit franchise-origin source
American History,American History,United States,North America,39.828175,-98.5795,Q30,https://www.wikidata.org/wiki/Q30,,Unverified,Unverified,Country assignment present without an explicit franchise-origin source
Apex Legends,Apex Legends,United States,North America,39.828175,-98.5795,Q30,https://www.wikidata.org/wiki/Q30,,Unverified,Unverified,Country assignment present without an explicit franchise-origin source
"ASPCA,Back to the Future,Pops! With Purpose","ASPCA,Back to the Future,Pops! With Purpose",United States,North America,39.828175,-98.5795,Q30,https://www.wikidata.org/wiki/Q30,,Unverified,Unverified,Country assignment present without an explicit franchise-origin source
"ASPCA,Pops! With Purpose,The Wizard of Oz","ASPCA,Pops! With Purpose,The Wizard of Oz",United States,North America,39.828175,-98.5795,Q30,https://www.wikidata.org/wiki/Q30,,Unverified,Unverified,Country assignment present without an explicit franchise-origin source
Attack on Titan,Attack on Titan,Japan,Asia-Pacific,35.0,136.0,Q17,https://www.wikidata.org/wiki/Q17,https://www.wikidata.org/wiki/Q22126305,Verified,High,Explicit franchise-origin source supplied in lookup
Avatar The Last Airbender,Avatar The Last Airbender,United States,North America,39.828175,-98.5795,Q30,https://www.wikidata.org/wiki/Q30,,Unverified,Unverified,Country assignment present without an explicit franchise-origin source
Avengers,Avengers,United States,North America,39.828175,-98.5795,Q30,https://www.wikidata.org/wiki/Q30,https://www.wikidata.org/wiki/Q642878,Verified,High,Explicit franchise-origin source supplied in lookup
"Avengers Endgame,Iron Man","Avengers Endgame,Iron Man",United States,North America,39.828175,-98.5795,Q30,https://www.wikidata.org/wiki/Q30,https://www.wikidata.org/wiki/Q642878,Verified,High,Explicit franchise-origin source supplied in lookup
"Avengers,Captain America","Avengers,Captain America",United States,North America,39.828175,-98.5795,Q30,https://www.wikidata.org/wiki/Q30,https://www.wikidata.org/wiki/Q642878,Verified,High,Explicit franchise-origin source supplied in lookup
"Avengers,Gamerverse","Avengers,Gamerverse",United States,North America,39.828175,-98.5795,Q30,https://www.wikidata.org/wiki/Q30,https://www.wikidata.org/wiki/Q642878,Verified,High,Explicit franchise-origin source supplied in lookup
"Avengers,Hulk","Avengers,Hulk",United States,North America,39.828175,-98.5795,Q30,https://www.wikidata.org/wiki/Q30,https://www.wikidata.org/wiki/Q642878,Verified,High,Explicit franchise-origin source supplied in lookup
"Avengers,Iron Man","Avengers,Iron Man",United States,North America,39.828175,-98.5795,Q30,https://www.wikidata.org/wiki/Q30,https://www.wikidata.org/wiki/Q642878,Verified,High,Explicit franchise-origin source supplied in lookup
"Avengers,Thor","Avengers,Thor",United States,North America,39.828175,-98.5795,Q30,https://www.wikidata.org/wiki/Q30,https://www.wikidata.org/wiki/Q642878,Verified,High,Explicit franchise-origin source supplied in lookup
Back to the Future,Back to the Future,United States,North America,39.828175,-98.5795,Q30,https://www.wikidata.org/wiki/Q30,,Unverified,Unverified,Country assignment present without an explicit franchise-origin source
Bakugan,Bakugan,International / Multiple,Global,,,,,,Unverified,Unverified,Country assignment present without an explicit franchise-origin source
"Batgirl,Batman,DC Comics Bombshells","Batgirl,Batman,DC Comics Bombshells",United States,North America,39.828175,-98.5795,Q30,https://www.wikidata.org/wiki/Q30,,Unverified,Unverified,Country assignment present without an explicit franchise-origin source
Batman,Batman,United States,North America,39.828175,-98.5795,Q30,https://www.wikidata.org/wiki/Q30,,Unverified,Unverified,Country assignment present without an explicit franchise-origin source
"Batman,Catwoman","Batman,Catwoman",United States,North America,39.828175,-98.5795,Q30,https://www.wikidata.org/wiki/Q30,,Unverified,Unverified,Country assignment present without an explicit franchise-origin source
"Batman,Catwoman,DC Comics Bombshells","Batman,Catwoman,DC Comics Bombshells",United States,North America,39.828175,-98.5795,Q30,https://www.wikidata.org/wiki/Q30,,Unverified,Unverified,Country assignment present without an explicit franchise-origin source
"Batman,Poison Ivy,Pops! With Purpose","Batman,Poison Ivy,Pops! With Purpose",United States,North America,39.828175,-98.5795,Q30,https://www.wikidata.org/wiki/Q30,,Unverified,Unverified,Country assignment present without an explicit franchise-origin source
"Batman,Pops! With Purpose,Robin","Batman,Pops! With Purpose,Robin",United States,North America,39.828175,-98.5795,Q30,https://www.wikidata.org/wiki/Q30,,Unverified,Unverified,Country assignment present without an explicit franchise-origin source
"Batman,The Joker","Batman,The Joker",United States,North America,39.828175,-98.5795,Q30,https://www.wikidata.org/wiki/Q30,,Unverified,Unverified,Country assignment present without an explicit franchise-origin source
Baymax,Baymax,United States,North America,39.828175,-98.5795,Q30,https://www.wikidata.org/wiki/Q30,,Unverified,Unverified,Country assignment present without an explicit franchise-origin source
Beauty and the Beast,Beauty and the Beast,United States,North America,39.828175,-98.5795,Q30,https://www.wikidata.org/wiki/Q30,,Unverified,Unverified,Country assignment present without an explicit franchise-origin source
"Beauty and the Beast,Ultimate Princess Collection","Beauty and the Beast,Ultimate Princess Collection",United States,North America,39.828175,-98.5795,Q30,https://www.wikidata.org/wiki/Q30,,Unverified,Unverified,Country assignment present without an explicit franchise-origin source
Beetlejuice,Beetlejuice,United States,North America,39.828175,-98.5795,Q30,https://www.wikidata.org/wiki/Q30,,Unverified,Unverified,Country assignment present without an explicit franchise-origin source
Black Clover,Black Clover,Japan,Asia-Pacific,35.0,136.0,Q17,https://www.wikidata.org/wiki/Q17,,Unverified,Unverified,Country assignment present without an explicit franchise-origin source
Bob Ross,Bob Ross,United States,North America,39.828175,-98.5795,Q30,https://www.wikidata.org/wiki/Q30,,Unverified,Unverified,Country assignment present without an explicit franchise-origin source
"Boba Fett,Star Wars,The Book of Boba Fett","Boba Fett,Star Wars,The Book of Boba Fett",United States,North America,39.828175,-98.5795,Q30,https://www.wikidata.org/wiki/Q30,https://www.wikidata.org/wiki/Q462,Verified,High,Explicit franchise-origin source supplied in lookup
Boo Hollow,Boo Hollow,United States,North America,39.828175,-98.5795,Q30,https://www.wikidata.org/wiki/Q30,,Unverified,Unverified,Country assignment present without an explicit franchise-origin source
Boruto: Naruto Next Generations,Boruto: Naruto Next Generations,Japan,Asia-Pacific,35.0,136.0,Q17,https://www.wikidata.org/wiki/Q17,https://www.wikidata.org/wiki/Q26971382,Verified,High,Explicit franchise-origin source supplied in lookup
Boxing,Boxing,International / Multiple,Global,,,,,,Unverified,Unverified,Country assignment present without an explicit franchise-origin source
Boyz II Men,Boyz II Men,United States,North America,39.828175,-98.5795,Q30,https://www.wikidata.org/wiki/Q30,,Unverified,Unverified,Country assignment present without an explicit franchise-origin source
Bret Michaels,Bret Michaels,United States,North America,39.828175,-98.5795,Q30,https://www.wikidata.org/wiki/Q30,,Unverified,Unverified,Country assignment present without an explicit franchise-origin source
Bride of Chucky,Bride of Chucky,United States,North America,39.828175,-98.5795,Q30,https://www.wikidata.org/wiki/Q30,,Unverified,Unverified,Country assignment present without an explicit franchise-origin source
Britney Spears,Britney Spears,United States,North America,39.828175,-98.5795,Q30,https://www.wikidata.org/wiki/Q30,,Unverified,Unverified,Country assignment present without an explicit franchise-origin source
Candyman,Candyman,United States,North America,39.828175,-98.5795,Q30,https://www.wikidata.org/wiki/Q30,,Unverified,Unverified,Country assignment present without an explicit franchise-origin source
Captain America,Captain America,United States,North America,39.828175,-98.5795,Q30,https://www.wikidata.org/wiki/Q30,https://www.wikidata.org/wiki/Q642878,Verified,High,Explicit franchise-origin source supplied in lookup
"Captain America,Infinity Saga","Captain America,Infinity Saga",United States,North America,39.828175,-98.5795,Q30,https://www.wikidata.org/wiki/Q30,https://www.wikidata.org/wiki/Q642878,Verified,High,Explicit franchise-origin source supplied in lookup
"Captain America,What If","Captain America,What If",United States,North America,39.828175,-98.5795,Q30,https://www.wikidata.org/wiki/Q30,https://www.wikidata.org/wiki/Q642878,Verified,High,Explicit franchise-origin source supplied in lookup
"Captain Marvel,Marvel Lucha Libre Edition","Captain Marvel,Marvel Lucha Libre Edition",United States,North America,39.828175,-98.5795,Q30,https://www.wikidata.org/wiki/Q30,https://www.wikidata.org/wiki/Q642878,Verified,High,Explicit franchise-origin source supplied in lookup
"Carnage,Venom","Carnage,Venom",United States,North America,39.828175,-98.5795,Q30,https://www.wikidata.org/wiki/Q30,https://www.wikidata.org/wiki/Q642878,Verified,High,Explicit franchise-origin source supplied in lookup
Carrie,Carrie,United States,North America,39.828175,-98.5795,Q30,https://www.wikidata.org/wiki/Q30,,Unverified,Unverified,Country assignment present without an explicit franchise-origin source
Cheetos,Cheetos,United States,North America,39.828175,-98.5795,Q30,https://www.wikidata.org/wiki/Q30,,Unverified,Unverified,Country assignment present without an explicit franchise-origin source
Chilling Adventures of Sabrina,Chilling Adventures of Sabrina,United States,North America,39.828175,-98.5795,Q30,https://www.wikidata.org/wiki/Q30,,Unverified,Unverified,Country assignment present without an explicit franchise-origin source
Chris Stapleton,Chris Stapleton,United States,North America,39.828175,-98.5795,Q30,https://www.wikidata.org/wiki/Q30,,Unverified,Unverified,Country assignment present without an explicit franchise-origin source
"Cinderella,Disney Villains","Cinderella,Disney Villains",United States,North America,39.828175,-98.5795,Q30,https://www.wikidata.org/wiki/Q30,,Unverified,Unverified,Country assignment present without an explicit franchise-origin source
Clone Wars,Clone Wars,United States,North America,39.828175,-98.5795,Q30,https://www.wikidata.org/wiki/Q30,https://www.wikidata.org/wiki/Q462,Verified,High,Explicit franchise-origin source supplied in lookup
"Clone Wars,Star Wars","Clone Wars,Star Wars",United States,North America,39.828175,-98.5795,Q30,https://www.wikidata.org/wiki/Q30,https://www.wikidata.org/wiki/Q462,Verified,High,Explicit franchise-origin source supplied in lookup
ClownSpy,ClownSpy,United States,North America,39.828175,-98.5795,Q30,https://www.wikidata.org/wiki/Q30,,Unverified,Unverified,Country assignment present without an explicit franchise-origin source
Coca-Cola,Coca-Cola,United States,North America,39.828175,-98.5795,Q30,https://www.wikidata.org/wiki/Q30,,Unverified,Unverified,Country assignment present without an explicit franchise-origin source
Cool Runnings,Cool Runnings,United States,North America,39.828175,-98.5795,Q30,https://www.wikidata.org/wiki/Q30,,Unverified,Unverified,Country assignment present without an explicit franchise-origin source
Cow and Chicken,Cow and Chicken,United States,North America,39.828175,-98.5795,Q30,https://www.wikidata.org/wiki/Q30,,Unverified,Unverified,Country assignment present without an explicit franchise-origin source
Cowboy Bebop,Cowboy Bebop,Japan,Asia-Pacific,35.0,136.0,Q17,https://www.wikidata.org/wiki/Q17,,Unverified,Unverified,Country assignment present without an explicit franchise-origin source
Creepshow,Creepshow,United States,North America,39.828175,-98.5795,Q30,https://www.wikidata.org/wiki/Q30,,Unverified,Unverified,Country assignment present without an explicit franchise-origin source
Cricket,Cricket,International / Multiple,Global,,,,,,Unverified,Unverified,Country assignment present without an explicit franchise-origin source
"Cruella,Disney Villains","Cruella,Disney Villains",United States,North America,39.828175,-98.5795,Q30,https://www.wikidata.org/wiki/Q30,,Unverified,Unverified,Country assignment present without an explicit franchise-origin source
Cypress Hill,Cypress Hill,United States,North America,39.828175,-98.5795,Q30,https://www.wikidata.org/wiki/Q30,,Unverified,Unverified,Country assignment present without an explicit franchise-origin source
Daredevil,Daredevil,United States,North America,39.828175,-98.5795,Q30,https://www.wikidata.org/wiki/Q30,https://www.wikidata.org/wiki/Q642878,Verified,High,Explicit franchise-origin source supplied in lookup
"DC Comics Bombshells,Harley Quinn","DC Comics Bombshells,Harley Quinn",United States,North America,39.828175,-98.5795,Q30,https://www.wikidata.org/wiki/Q30,,Unverified,Unverified,Country assignment present without an explicit franchise-origin source
"DC Comics Bombshells,Supergirl","DC Comics Bombshells,Supergirl",United States,North America,39.828175,-98.5795,Q30,https://www.wikidata.org/wiki/Q30,,Unverified,Unverified,Country assignment present without an explicit franchise-origin source
"DC Imperial Palace,Dia De Los DC,The Flash","DC Imperial Palace,Dia De Los DC,The Flash",United States,North America,39.828175,-98.5795,Q30,https://www.wikidata.org/wiki/Q30,,Unverified,Unverified,Country assignment present without an explicit franchise-origin source
"DC Imperial Palace,The Flash","DC Imperial Palace,The Flash",United States,North America,39.828175,-98.5795,Q30,https://www.wikidata.org/wiki/Q30,,Unverified,Unverified,Country assignment present without an explicit franchise-origin source
"DCeased,Green Lantern","DCeased,Green Lantern",United States,North America,39.828175,-98.5795,Q30,https://www.wikidata.org/wiki/Q30,,Unverified,Unverified,Country assignment present without an explicit franchise-origin source
Deadmau5,Deadmau5,Canada,North America,60.0,-110.0,Q16,https://www.wikidata.org/wiki/Q16,,Unverified,Unverified,Country assignment present without an explicit franchise-origin source
Deadpool,Deadpool,United States,North America,39.828175,-98.5795,Q30,https://www.wikidata.org/wiki/Q30,https://www.wikidata.org/wiki/Q642878,Verified,High,Explicit franchise-origin source supplied in lookup
Def Leppard,Def Leppard,United Kingdom,Europe,54.6,-2.0,Q145,https://www.wikidata.org/wiki/Q145,,Unverified,Unverified,Country assignment present without an explicit franchise-origin source
Demon Slayer,Demon Slayer,Japan,Asia-Pacific,35.0,136.0,Q17,https://www.wikidata.org/wiki/Q17,,Unverified,Unverified,Country assignment present without an explicit franchise-origin source
Devo,Devo,United States,North America,39.828175,-98.5795,Q30,https://www.wikidata.org/wiki/Q30,,Unverified,Unverified,Country assignment present without an explicit franchise-origin source
Dia De Los DC,Dia De Los DC,United States,North America,39.828175,-98.5795,Q30,https://www.wikidata.org/wiki/Q30,,Unverified,Unverified,Country assignment present without an explicit franchise-origin source
"Dia De Los DC,The Flash","Dia De Los DC,The Flash",United States,North America,39.828175,-98.5795,Q30,https://www.wikidata.org/wiki/Q30,,Unverified,Unverified,Country assignment present without an explicit franchise-origin source
"Directors,Jordan Peele","Directors,Jordan Peele",United States,North America,39.828175,-98.5795,Q30,https://www.wikidata.org/wiki/Q30,,Unverified,Unverified,Country assignment present without an explicit franchise-origin source
"Directors,Spike Lee","Directors,Spike Lee",United States,North America,39.828175,-98.5795,Q30,https://www.wikidata.org/wiki/Q30,,Unverified,Unverified,Country assignment present without an explicit franchise-origin source
"Disney Archives,Minnie Mouse","Disney Archives,Minnie Mouse",United States,North America,39.828175,-98.5795,Q30,https://www.wikidata.org/wiki/Q30,,Unverified,Unverified,Country assignment present without an explicit franchise-origin source
Disney Holiday 2021,Disney Holiday 2021,United States,North America,39.828175,-98.5795,Q30,https://www.wikidata.org/wiki/Q30,,Unverified,Unverified,Country assignment present without an explicit franchise-origin source
Disney Villains,Disney Villains,United States,North America,39.828175,-98.5795,Q30,https://www.wikidata.org/wiki/Q30,,Unverified,Unverified,Country assignment present without an explicit franchise-origin source
"Disney Villains,Maleficent,Sleeping Beauty","Disney Villains,Maleficent,Sleeping Beauty",United States,North America,39.828175,-98.5795,Q30,https://www.wikidata.org/wiki/Q30,,Unverified,Unverified,Country assignment present without an explicit franchise-origin source
"Disney Villains,Peter Pan","Disney Villains,Peter Pan",United States,North America,39.828175,-98.5795,Q30,https://www.wikidata.org/wiki/Q30,,Unverified,Unverified,Country assignment present without an explicit franchise-origin source
"Disney Villains,Snow White","Disney Villains,Snow White",United States,North America,39.828175,-98.5795,Q30,https://www.wikidata.org/wiki/Q30,,Unverified,Unverified,Country assignment present without an explicit franchise-origin source
"Disney Villains,The Little Mermaid","Disney Villains,The Little Mermaid",United States,North America,39.828175,-98.5795,Q30,https://www.wikidata.org/wiki/Q30,,Unverified,Unverified,Country assignment present without an explicit franchise-origin source
"Disney Villains,The Princess and the Frog","Disney Villains,The Princess and the Frog",United States,North America,39.828175,-98.5795,Q30,https://www.wikidata.org/wiki/Q30,,Unverified,Unverified,Country assignment present without an explicit franchise-origin source
"Disney,The Nightmare Before Christmas","Disney,The Nightmare Before Christmas",United States,North America,39.828175,-98.5795,Q30,https://www.wikidata.org/wiki/Q30,,Unverified,Unverified,Country assignment present without an explicit franchise-origin source
Disneyland 65th Anniversary,Disneyland 65th Anniversary,United States,North America,39.828175,-98.5795,Q30,https://www.wikidata.org/wiki/Q30,,Unverified,Unverified,Country assignment present without an explicit franchise-origin source
DJ Khaled,DJ Khaled,United States,North America,39.828175,-98.5795,Q30,https://www.wikidata.org/wiki/Q30,,Unverified,Unverified,Country assignment present without an explicit franchise-origin source
Doctor Strange in the Multiverse of Madness,Doctor Strange in the Multiverse of Madness,United States,North America,39.828175,-98.5795,Q30,https://www.wikidata.org/wiki/Q30,,Unverified,Unverified,Country assignment present without an explicit franchise-origin source
"Doctor Strange,Doctor Strange in the Multiverse of Madness","Doctor Strange,Doctor Strange in the Multiverse of Madness",United States,North America,39.828175,-98.5795,Q30,https://www.wikidata.org/wiki/Q30,,Unverified,Unverified,Country assignment present without an explicit franchise-origin source
"Doctor Strange,Spider-Man,Spider-Man No Way Home","Doctor Strange,Spider-Man,Spider-Man No Way Home",United States,North America,39.828175,-98.5795,Q30,https://www.wikidata.org/wiki/Q30,https://www.wikidata.org/wiki/Q642878,Verified,High,Explicit franchise-origin source supplied in lookup
Donald Duck,Donald Duck,United States,North America,39.828175,-98.5795,Q30,https://www.wikidata.org/wiki/Q30,,Unverified,Unverified,Country assignment present without an explicit franchise-origin source
Dr. Seuss,Dr. Seuss,United States,North America,39.828175,-98.5795,Q30,https://www.wikidata.org/wiki/Q30,,Unverified,Unverified,Country assignment present without an explicit franchise-origin source
Dragon Ball Z,Dragon Ball Z,Japan,Asia-Pacific,35.0,136.0,Q17,https://www.wikidata.org/wiki/Q17,https://www.wikidata.org/wiki/Q15051307,Verified,High,Explicit franchise-origin source supplied in lookup
Dug Days,Dug Days,United States,North America,39.828175,-98.5795,Q30,https://www.wikidata.org/wiki/Q30,,Unverified,Unverified,Country assignment present without an explicit franchise-origin source
Dumb and Dumber,Dumb and Dumber,United States,North America,39.828175,-98.5795,Q30,https://www.wikidata.org/wiki/Q30,,Unverified,Unverified,Country assignment present without an explicit franchise-origin source
Dune,Dune,United States,North America,39.828175,-98.5795,Q30,https://www.wikidata.org/wiki/Q30,https://www.wikidata.org/wiki/Q18011049,Verified,High,Wikidata describes Dune as an American science-fiction media franchise
Eastbound & Down,Eastbound & Down,United States,North America,39.828175,-98.5795,Q30,https://www.wikidata.org/wiki/Q30,,Unverified,Unverified,Country assignment present without an explicit franchise-origin source
Elf,Elf,United States,North America,39.828175,-98.5795,Q30,https://www.wikidata.org/wiki/Q30,,Unverified,Unverified,Country assignment present without an explicit franchise-origin source
Elvira,Elvira,United States,North America,39.828175,-98.5795,Q30,https://www.wikidata.org/wiki/Q30,,Unverified,Unverified,Country assignment present without an explicit franchise-origin source
Elvis,Elvis,United States,North America,39.828175,-98.5795,Q30,https://www.wikidata.org/wiki/Q30,,Unverified,Unverified,Country assignment present without an explicit franchise-origin source
Encanto,Encanto,United States,North America,39.828175,-98.5795,Q30,https://www.wikidata.org/wiki/Q30,,Unverified,Unverified,Country assignment present without an explicit franchise-origin source
ET,ET,United States,North America,39.828175,-98.5795,Q30,https://www.wikidata.org/wiki/Q30,,Unverified,Unverified,Country assignment present without an explicit franchise-origin source
Eternals,Eternals,United States,North America,39.828175,-98.5795,Q30,https://www.wikidata.org/wiki/Q30,https://www.wikidata.org/wiki/Q642878,Verified,High,Explicit franchise-origin source supplied in lookup
Fairy Tail,Fairy Tail,Japan,Asia-Pacific,35.0,136.0,Q17,https://www.wikidata.org/wiki/Q17,,Unverified,Unverified,Country assignment present without an explicit franchise-origin source
"Fantasia,Mickey Mouse","Fantasia,Mickey Mouse",United States,North America,39.828175,-98.5795,Q30,https://www.wikidata.org/wiki/Q30,,Unverified,Unverified,Country assignment present without an explicit franchise-origin source
Fantastic Four,Fantastic Four,United States,North America,39.828175,-98.5795,Q30,https://www.wikidata.org/wiki/Q30,https://www.wikidata.org/wiki/Q642878,Verified,High,Explicit franchise-origin source supplied in lookup
Fire Force,Fire Force,Japan,Asia-Pacific,35.0,136.0,Q17,https://www.wikidata.org/wiki/Q17,,Unverified,Unverified,Country assignment present without an explicit franchise-origin source
Five Finger Death Punch,Five Finger Death Punch,United States,North America,39.828175,-98.5795,Q30,https://www.wikidata.org/wiki/Q30,,Unverified,Unverified,Country assignment present without an explicit franchise-origin source
Footloose,Footloose,United States,North America,39.828175,-98.5795,Q30,https://www.wikidata.org/wiki/Q30,,Unverified,Unverified,Country assignment present without an explicit franchise-origin source
Formula One Team,Formula One Team,International / Multiple,Global,,,,,,Unverified,Unverified,Country assignment present without an explicit franchise-origin source
Fortnite,Fortnite,United States,North America,39.828175,-98.5795,Q30,https://www.wikidata.org/wiki/Q30,,Unverified,Unverified,Country assignment present without an explicit franchise-origin source
Frank Zappa,Frank Zappa,United States,North America,39.828175,-98.5795,Q30,https://www.wikidata.org/wiki/Q30,,Unverified,Unverified,Country assignment present without an explicit franchise-origin source
Frasier,Frasier,United States,North America,39.828175,-98.5795,Q30,https://www.wikidata.org/wiki/Q30,,Unverified,Unverified,Country assignment present without an explicit franchise-origin source
Friends,Friends,United States,North America,39.828175,-98.5795,Q30,https://www.wikidata.org/wiki/Q30,https://www.wikidata.org/wiki/Q79784,Verified,High,Wikidata country of origin = United States
Froot Loops,Froot Loops,United States,North America,39.828175,-98.5795,Q30,https://www.wikidata.org/wiki/Q30,,Unverified,Unverified,Country assignment present without an explicit franchise-origin source
"Froot Loops,""Kelloggs""","Froot Loops,""Kelloggs""",United States,North America,39.828175,-98.5795,Q30,https://www.wikidata.org/wiki/Q30,,Unverified,Unverified,Country assignment present without an explicit franchise-origin source
"Frosted Flakes,""Kelloggs""","Frosted Flakes,""Kelloggs""",United States,North America,39.828175,-98.5795,Q30,https://www.wikidata.org/wiki/Q30,,Unverified,Unverified,Country assignment present without an explicit franchise-origin source
Frozen,Frozen,United States,North America,39.828175,-98.5795,Q30,https://www.wikidata.org/wiki/Q30,,Unverified,Unverified,Country assignment present without an explicit franchise-origin source
Fruity Pebbles,Fruity Pebbles,United States,North America,39.828175,-98.5795,Q30,https://www.wikidata.org/wiki/Q30,,Unverified,Unverified,Country assignment present without an explicit franchise-origin source
Fullmetal Alchemist,Fullmetal Alchemist,Japan,Asia-Pacific,35.0,136.0,Q17,https://www.wikidata.org/wiki/Q17,,Unverified,Unverified,Country assignment present without an explicit franchise-origin source
Funko,Funko,United States,North America,39.828175,-98.5795,Q30,https://www.wikidata.org/wiki/Q30,,Unverified,Unverified,Country assignment present without an explicit franchise-origin source
G.I. Joe,G.I. Joe,United States,North America,39.828175,-98.5795,Q30,https://www.wikidata.org/wiki/Q30,,Unverified,Unverified,Country assignment present without an explicit franchise-origin source
Game of Thrones,Game of Thrones,United States,North America,39.828175,-98.5795,Q30,https://www.wikidata.org/wiki/Q30,,Unverified,Unverified,Country assignment present without an explicit franchise-origin source
General Mills,General Mills,United States,North America,39.828175,-98.5795,Q30,https://www.wikidata.org/wiki/Q30,,Unverified,Unverified,Country assignment present without an explicit franchise-origin source
"General Mills,Trix","General Mills,Trix",United States,North America,39.828175,-98.5795,Q30,https://www.wikidata.org/wiki/Q30,,Unverified,Unverified,Country assignment present without an explicit franchise-origin source
"General Mills,Trix Cereal","General Mills,Trix Cereal",United States,North America,39.828175,-98.5795,Q30,https://www.wikidata.org/wiki/Q30,,Unverified,Unverified,Country assignment present without an explicit franchise-origin source
Genshin Impact,Genshin Impact,China,Asia-Pacific,35.844722,103.451944,Q148,https://www.wikidata.org/wiki/Q148,,Unverified,Unverified,Country assignment present without an explicit franchise-origin source
Ghostbusters,Ghostbusters,United States,North America,39.828175,-98.5795,Q30,https://www.wikidata.org/wiki/Q30,,Unverified,Unverified,Country assignment present without an explicit franchise-origin source
Glo Worm,Glo Worm,United States,North America,39.828175,-98.5795,Q30,https://www.wikidata.org/wiki/Q30,,Unverified,Unverified,Country assignment present without an explicit franchise-origin source
Godzilla,Godzilla,Japan,Asia-Pacific,35.0,136.0,Q17,https://www.wikidata.org/wiki/Q17,,Unverified,Unverified,Country assignment present without an explicit franchise-origin source
Godzilla vs Kong,Godzilla vs Kong,International / Multiple,Global,,,,,,Unverified,Unverified,Country assignment present without an explicit franchise-origin source
Golden Girls,Golden Girls,United States,North America,39.828175,-98.5795,Q30,https://www.wikidata.org/wiki/Q30,,Unverified,Unverified,Country assignment present without an explicit franchise-origin source
Goofy,Goofy,United States,North America,39.828175,-98.5795,Q30,https://www.wikidata.org/wiki/Q30,,Unverified,Unverified,Country assignment present without an explicit franchise-origin source
Gotham Knights,Gotham Knights,United States,North America,39.828175,-98.5795,Q30,https://www.wikidata.org/wiki/Q30,,Unverified,Unverified,Country assignment present without an explicit franchise-origin source
Green Day,Green Day,United States,North America,39.828175,-98.5795,Q30,https://www.wikidata.org/wiki/Q30,,Unverified,Unverified,Country assignment present without an explicit franchise-origin source
Gremlins,Gremlins,United States,North America,39.828175,-98.5795,Q30,https://www.wikidata.org/wiki/Q30,,Unverified,Unverified,Country assignment present without an explicit franchise-origin source
Guardians of the Galaxy,Guardians of the Galaxy,United States,North America,39.828175,-98.5795,Q30,https://www.wikidata.org/wiki/Q30,https://www.wikidata.org/wiki/Q642878,Verified,High,Explicit franchise-origin source supplied in lookup
Guns N Roses,Guns N Roses,United States,North America,39.828175,-98.5795,Q30,https://www.wikidata.org/wiki/Q30,,Unverified,Unverified,Country assignment present without an explicit franchise-origin source
Halloween,Halloween,United States,North America,39.828175,-98.5795,Q30,https://www.wikidata.org/wiki/Q30,,Unverified,Unverified,Country assignment present without an explicit franchise-origin source
Halo,Halo,United States,North America,39.828175,-98.5795,Q30,https://www.wikidata.org/wiki/Q30,,Unverified,Unverified,Country assignment present without an explicit franchise-origin source
Hamilton,Hamilton,United States,North America,39.828175,-98.5795,Q30,https://www.wikidata.org/wiki/Q30,,Unverified,Unverified,Country assignment present without an explicit franchise-origin source
Hanna-Barbera,Hanna-Barbera,United States,North America,39.828175,-98.5795,Q30,https://www.wikidata.org/wiki/Q30,,Unverified,Unverified,Country assignment present without an explicit franchise-origin source
Harley Quinn,Harley Quinn,United States,North America,39.828175,-98.5795,Q30,https://www.wikidata.org/wiki/Q30,,Unverified,Unverified,Country assignment present without an explicit franchise-origin source
"Harley Quinn,Pops! With Purpose","Harley Quinn,Pops! With Purpose",United States,North America,39.828175,-98.5795,Q30,https://www.wikidata.org/wiki/Q30,,Unverified,Unverified,Country assignment present without an explicit franchise-origin source
"Harley Quinn,Suicide Squad","Harley Quinn,Suicide Squad",United States,North America,39.828175,-98.5795,Q30,https://www.wikidata.org/wiki/Q30,,Unverified,Unverified,Country assignment present without an explicit franchise-origin source
Harry Potter,Harry Potter,United Kingdom,Europe,54.6,-2.0,Q145,https://www.wikidata.org/wiki/Q145,https://www.wikidata.org/wiki/Q8337,Verified,High,Explicit franchise-origin source supplied in lookup
Hasbro,Hasbro,United States,North America,39.828175,-98.5795,Q30,https://www.wikidata.org/wiki/Q30,,Unverified,Unverified,Country assignment present without an explicit franchise-origin source
Haunted Mansion,Haunted Mansion,United States,North America,39.828175,-98.5795,Q30,https://www.wikidata.org/wiki/Q30,,Unverified,Unverified,Country assignment present without an explicit franchise-origin source
Hawkeye,Hawkeye,United States,North America,39.828175,-98.5795,Q30,https://www.wikidata.org/wiki/Q30,https://www.wikidata.org/wiki/Q642878,Verified,High,Explicit franchise-origin source supplied in lookup
"Hello Kitty,Naruto Shippuden,Sanrio","Hello Kitty,Naruto Shippuden,Sanrio",Japan,Asia-Pacific,35.0,136.0,Q17,https://www.wikidata.org/wiki/Q17,https://www.wikidata.org/wiki/Q26971382,Verified,High,Explicit franchise-origin source supplied in lookup
Hercules,Hercules,United States,North America,39.828175,-98.5795,Q30,https://www.wikidata.org/wiki/Q30,,Unverified,Unverified,Country assignment present without an explicit franchise-origin source
Hocus Pocus,Hocus Pocus,United States,North America,39.828175,-98.5795,Q30,https://www.wikidata.org/wiki/Q30,,Unverified,Unverified,Country assignment present without an explicit franchise-origin source
"Honey Smacks,""Kelloggs""","Honey Smacks,""Kelloggs""",United States,North America,39.828175,-98.5795,Q30,https://www.wikidata.org/wiki/Q30,,Unverified,Unverified,Country assignment present without an explicit franchise-origin source
Hulk,Hulk,United States,North America,39.828175,-98.5795,Q30,https://www.wikidata.org/wiki/Q30,https://www.wikidata.org/wiki/Q642878,Verified,High,Explicit franchise-origin source supplied in lookup
"Hulk,Marvel Lucha Libre Edition","Hulk,Marvel Lucha Libre Edition",United States,North America,39.828175,-98.5795,Q30,https://www.wikidata.org/wiki/Q30,https://www.wikidata.org/wiki/Q642878,Verified,High,Explicit franchise-origin source supplied in lookup
Hunter X Hunter,Hunter X Hunter,Japan,Asia-Pacific,35.0,136.0,Q17,https://www.wikidata.org/wiki/Q17,,Unverified,Unverified,Country assignment present without an explicit franchise-origin source
Ice Cube,Ice Cube,United States,North America,39.828175,-98.5795,Q30,https://www.wikidata.org/wiki/Q30,,Unverified,Unverified,Country assignment present without an explicit franchise-origin source
"Infinity Saga,Iron Man","Infinity Saga,Iron Man",United States,North America,39.828175,-98.5795,Q30,https://www.wikidata.org/wiki/Q30,https://www.wikidata.org/wiki/Q642878,Verified,High,Explicit franchise-origin source supplied in lookup
"Infinity Saga,Thor","Infinity Saga,Thor",United States,North America,39.828175,-98.5795,Q30,https://www.wikidata.org/wiki/Q30,https://www.wikidata.org/wiki/Q642878,Verified,High,Explicit franchise-origin source supplied in lookup
Iron Maiden,Iron Maiden,United Kingdom,Europe,54.6,-2.0,Q145,https://www.wikidata.org/wiki/Q145,,Unverified,Unverified,Country assignment present without an explicit franchise-origin source
Iron Man,Iron Man,United States,North America,39.828175,-98.5795,Q30,https://www.wikidata.org/wiki/Q30,https://www.wikidata.org/wiki/Q642878,Verified,High,Explicit franchise-origin source supplied in lookup
"Iron Man,Marvel Lucha Libre Edition","Iron Man,Marvel Lucha Libre Edition",United States,North America,39.828175,-98.5795,Q30,https://www.wikidata.org/wiki/Q30,https://www.wikidata.org/wiki/Q642878,Verified,High,Explicit franchise-origin source supplied in lookup
"Iron Man,Pops! With Purpose","Iron Man,Pops! With Purpose",United States,North America,39.828175,-98.5795,Q30,https://www.wikidata.org/wiki/Q30,https://www.wikidata.org/wiki/Q642878,Verified,High,Explicit franchise-origin source supplied in lookup
"Iron Man,Spider-Man","Iron Man,Spider-Man",United States,North America,39.828175,-98.5795,Q30,https://www.wikidata.org/wiki/Q30,https://www.wikidata.org/wiki/Q642878,Verified,High,Explicit franchise-origin source supplied in lookup
"Iron Man,What If","Iron Man,What If",United States,North America,39.828175,-98.5795,Q30,https://www.wikidata.org/wiki/Q30,https://www.wikidata.org/wiki/Q642878,Verified,High,Explicit franchise-origin source supplied in lookup
IT,IT,United States,North America,39.828175,-98.5795,Q30,https://www.wikidata.org/wiki/Q30,,Unverified,Unverified,Country assignment present without an explicit franchise-origin source
"IT,Maleficent","IT,Maleficent",United States,North America,39.828175,-98.5795,Q30,https://www.wikidata.org/wiki/Q30,,Unverified,Unverified,Country assignment present without an explicit franchise-origin source
Jaws,Jaws,United States,North America,39.828175,-98.5795,Q30,https://www.wikidata.org/wiki/Q30,,Unverified,Unverified,Country assignment present without an explicit franchise-origin source
Jean-Michel Basquiat,Jean-Michel Basquiat,United States,North America,39.828175,-98.5795,Q30,https://www.wikidata.org/wiki/Q30,,Unverified,Unverified,Country assignment present without an explicit franchise-origin source
Jimi Hendrix,Jimi Hendrix,United States,North America,39.828175,-98.5795,Q30,https://www.wikidata.org/wiki/Q30,,Unverified,Unverified,Country assignment present without an explicit franchise-origin source
Jingle All The Way,Jingle All The Way,United States,North America,39.828175,-98.5795,Q30,https://www.wikidata.org/wiki/Q30,,Unverified,Unverified,Country assignment present without an explicit franchise-origin source
Joan Jett,Joan Jett,United States,North America,39.828175,-98.5795,Q30,https://www.wikidata.org/wiki/Q30,,Unverified,Unverified,Country assignment present without an explicit franchise-origin source
John Lennon,John Lennon,United Kingdom,Europe,54.6,-2.0,Q145,https://www.wikidata.org/wiki/Q145,,Unverified,Unverified,Country assignment present without an explicit franchise-origin source
Jonathan Davis,Jonathan Davis,United States,North America,39.828175,-98.5795,Q30,https://www.wikidata.org/wiki/Q30,,Unverified,Unverified,Country assignment present without an explicit franchise-origin source
Jujutsu Kaisen,Jujutsu Kaisen,Japan,Asia-Pacific,35.0,136.0,Q17,https://www.wikidata.org/wiki/Q17,,Unverified,Unverified,Country assignment present without an explicit franchise-origin source
Junji Ito Collection,Junji Ito Collection,Japan,Asia-Pacific,35.0,136.0,Q17,https://www.wikidata.org/wiki/Q17,,Unverified,Unverified,Country assignment present without an explicit franchise-origin source
Jurassic Park,Jurassic Park,United States,North America,39.828175,-98.5795,Q30,https://www.wikidata.org/wiki/Q30,,Unverified,Unverified,Country assignment present without an explicit franchise-origin source
Jurassic World Dominion,Jurassic World Dominion,United States,North America,39.828175,-98.5795,Q30,https://www.wikidata.org/wiki/Q30,,Unverified,Unverified,Country assignment present without an explicit franchise-origin source
Justice League,Justice League,United States,North America,39.828175,-98.5795,Q30,https://www.wikidata.org/wiki/Q30,,Unverified,Unverified,Country assignment present without an explicit franchise-origin source
Kawaii Village,Kawaii Village,United States,North America,39.828175,-98.5795,Q30,https://www.wikidata.org/wiki/Q30,,Unverified,Unverified,Country assignment present without an explicit franchise-origin source
KISS,KISS,United States,North America,39.828175,-98.5795,Q30,https://www.wikidata.org/wiki/Q30,,Unverified,Unverified,Country assignment present without an explicit franchise-origin source
Kool-Aid,Kool-Aid,United States,North America,39.828175,-98.5795,Q30,https://www.wikidata.org/wiki/Q30,,Unverified,Unverified,Country assignment present without an explicit franchise-origin source
Legally Blonde,Legally Blonde,United States,North America,39.828175,-98.5795,Q30,https://www.wikidata.org/wiki/Q30,,Unverified,Unverified,Country assignment present without an explicit franchise-origin source
Leprechaun,Leprechaun,United States,North America,39.828175,-98.5795,Q30,https://www.wikidata.org/wiki/Q30,,Unverified,Unverified,Country assignment present without an explicit franchise-origin source
Letterkenny,Letterkenny,Canada,North America,60.0,-110.0,Q16,https://www.wikidata.org/wiki/Q16,,Unverified,Unverified,Country assignment present without an explicit franchise-origin source
Lightyear,Lightyear,United States,North America,39.828175,-98.5795,Q30,https://www.wikidata.org/wiki/Q30,,Unverified,Unverified,Country assignment present without an explicit franchise-origin source
Lil Wayne,Lil Wayne,United States,North America,39.828175,-98.5795,Q30,https://www.wikidata.org/wiki/Q30,,Unverified,Unverified,Country assignment present without an explicit franchise-origin source
Lilo & Stitch,Lilo & Stitch,United States,North America,39.828175,-98.5795,Q30,https://www.wikidata.org/wiki/Q30,,Unverified,Unverified,Country assignment present without an explicit franchise-origin source
"Lilo & Stitch,Walt Disney World 50th","Lilo & Stitch,Walt Disney World 50th",United States,North America,39.828175,-98.5795,Q30,https://www.wikidata.org/wiki/Q30,,Unverified,Unverified,Country assignment present without an explicit franchise-origin source
"Little Golden Books,Universal Monsters","Little Golden Books,Universal Monsters",United States,North America,39.828175,-98.5795,Q30,https://www.wikidata.org/wiki/Q30,,Unverified,Unverified,Country assignment present without an explicit franchise-origin source
Loki,Loki,United States,North America,39.828175,-98.5795,Q30,https://www.wikidata.org/wiki/Q30,https://www.wikidata.org/wiki/Q642878,Verified,High,Explicit franchise-origin source supplied in lookup
"Loki,Mech Strike","Loki,Mech Strike",United States,North America,39.828175,-98.5795,Q30,https://www.wikidata.org/wiki/Q30,https://www.wikidata.org/wiki/Q642878,Verified,High,Explicit franchise-origin source supplied in lookup
"Loki,Venom","Loki,Venom",United States,North America,39.828175,-98.5795,Q30,https://www.wikidata.org/wiki/Q30,https://www.wikidata.org/wiki/Q642878,Verified,High,Explicit franchise-origin source supplied in lookup
Machine Gun Kelly,Machine Gun Kelly,United States,North America,39.828175,-98.5795,Q30,https://www.wikidata.org/wiki/Q30,,Unverified,Unverified,Country assignment present without an explicit franchise-origin source
MAD TV,MAD TV,United States,North America,39.828175,-98.5795,Q30,https://www.wikidata.org/wiki/Q30,,Unverified,Unverified,Country assignment present without an explicit franchise-origin source
"Maleficent,The Shining","Maleficent,The Shining",United States,North America,39.828175,-98.5795,Q30,https://www.wikidata.org/wiki/Q30,,Unverified,Unverified,Country assignment present without an explicit franchise-origin source
Mandy,Mandy,United States,North America,39.828175,-98.5795,Q30,https://www.wikidata.org/wiki/Q30,,Unverified,Unverified,Country assignment present without an explicit franchise-origin source
"Marvel Lucha Libre Edition,Venom","Marvel Lucha Libre Edition,Venom",United States,North America,39.828175,-98.5795,Q30,https://www.wikidata.org/wiki/Q30,https://www.wikidata.org/wiki/Q642878,Verified,High,Explicit franchise-origin source supplied in lookup
"Marvel Lucha Libre Edition,Wolverine","Marvel Lucha Libre Edition,Wolverine",United States,North America,39.828175,-98.5795,Q30,https://www.wikidata.org/wiki/Q30,https://www.wikidata.org/wiki/Q642878,Verified,High,Explicit franchise-origin source supplied in lookup
Marvel Zombies,Marvel Zombies,United States,North America,39.828175,-98.5795,Q30,https://www.wikidata.org/wiki/Q30,https://www.wikidata.org/wiki/Q642878,Verified,High,Explicit franchise-origin source supplied in lookup
Masters of the Universe,Masters of the Universe,United States,North America,39.828175,-98.5795,Q30,https://www.wikidata.org/wiki/Q30,,Unverified,Unverified,Country assignment present without an explicit franchise-origin source
"Mattel,Polly Pocket","Mattel,Polly Pocket",United States,North America,39.828175,-98.5795,Q30,https://www.wikidata.org/wiki/Q30,,Unverified,Unverified,Country assignment present without an explicit franchise-origin source
Mech Strike,Mech Strike,United States,North America,39.828175,-98.5795,Q30,https://www.wikidata.org/wiki/Q30,,Unverified,Unverified,Country assignment present without an explicit franchise-origin source
"Mech Strike,Venom","Mech Strike,Venom",United States,North America,39.828175,-98.5795,Q30,https://www.wikidata.org/wiki/Q30,https://www.wikidata.org/wiki/Q642878,Verified,High,Explicit franchise-origin source supplied in lookup
"Mech Strike,Wolverine,X-Men","Mech Strike,Wolverine,X-Men",United States,North America,39.828175,-98.5795,Q30,https://www.wikidata.org/wiki/Q30,,Unverified,Unverified,Country assignment present without an explicit franchise-origin source
Metallica,Metallica,United States,North America,39.828175,-98.5795,Q30,https://www.wikidata.org/wiki/Q30,,Unverified,Unverified,Country assignment present without an explicit franchise-origin source
Mickey Mouse,Mickey Mouse,United States,North America,39.828175,-98.5795,Q30,https://www.wikidata.org/wiki/Q30,,Unverified,Unverified,Country assignment present without an explicit franchise-origin source
"Mickey Mouse,Walt Disney World 50th","Mickey Mouse,Walt Disney World 50th",United States,North America,39.828175,-98.5795,Q30,https://www.wikidata.org/wiki/Q30,,Unverified,Unverified,Country assignment present without an explicit franchise-origin source
Mike and Ike,Mike and Ike,United States,North America,39.828175,-98.5795,Q30,https://www.wikidata.org/wiki/Q30,,Unverified,Unverified,Country assignment present without an explicit franchise-origin source
Miles Davis,Miles Davis,United States,North America,39.828175,-98.5795,Q30,https://www.wikidata.org/wiki/Q30,,Unverified,Unverified,Country assignment present without an explicit franchise-origin source
Minions,Minions,United States,North America,39.828175,-98.5795,Q30,https://www.wikidata.org/wiki/Q30,,Unverified,Unverified,Country assignment present without an explicit franchise-origin source
Minnie Mouse,Minnie Mouse,United States,North America,39.828175,-98.5795,Q30,https://www.wikidata.org/wiki/Q30,,Unverified,Unverified,Country assignment present without an explicit franchise-origin source
"Minnie Mouse,Walt Disney World 50th","Minnie Mouse,Walt Disney World 50th",United States,North America,39.828175,-98.5795,Q30,https://www.wikidata.org/wiki/Q30,,Unverified,Unverified,Country assignment present without an explicit franchise-origin source
MLB,MLB,United States,North America,39.828175,-98.5795,Q30,https://www.wikidata.org/wiki/Q30,,Unverified,Unverified,Country assignment present without an explicit franchise-origin source
Moana,Moana,United States,North America,39.828175,-98.5795,Q30,https://www.wikidata.org/wiki/Q30,,Unverified,Unverified,Country assignment present without an explicit franchise-origin source
"Moana,Ultimate Princess Collection","Moana,Ultimate Princess Collection",United States,North America,39.828175,-98.5795,Q30,https://www.wikidata.org/wiki/Q30,,Unverified,Unverified,Country assignment present without an explicit franchise-origin source
Monsters Inc,Monsters Inc,United States,North America,39.828175,-98.5795,Q30,https://www.wikidata.org/wiki/Q30,,Unverified,Unverified,Country assignment present without an explicit franchise-origin source
Monsters Inc.,Monsters Inc.,United States,North America,39.828175,-98.5795,Q30,https://www.wikidata.org/wiki/Q30,,Unverified,Unverified,Country assignment present without an explicit franchise-origin source
Moon Knight,Moon Knight,United States,North America,39.828175,-98.5795,Q30,https://www.wikidata.org/wiki/Q30,https://www.wikidata.org/wiki/Q642878,Verified,High,Explicit franchise-origin source supplied in lookup
Mr. Potato Head,Mr. Potato Head,United States,North America,39.828175,-98.5795,Q30,https://www.wikidata.org/wiki/Q30,,Unverified,Unverified,Country assignment present without an explicit franchise-origin source
Mulan,Mulan,United States,North America,39.828175,-98.5795,Q30,https://www.wikidata.org/wiki/Q30,,Unverified,Unverified,Country assignment present without an explicit franchise-origin source
Munchies,Munchies,United States,North America,39.828175,-98.5795,Q30,https://www.wikidata.org/wiki/Q30,,Unverified,Unverified,Country assignment present without an explicit franchise-origin source
My Hero Academia,My Hero Academia,Japan,Asia-Pacific,35.0,136.0,Q17,https://www.wikidata.org/wiki/Q17,https://www.wikidata.org/wiki/Q104918088,Verified,High,Explicit franchise-origin source supplied in lookup
Naruto Shippuden,Naruto Shippuden,Japan,Asia-Pacific,35.0,136.0,Q17,https://www.wikidata.org/wiki/Q17,https://www.wikidata.org/wiki/Q26971382,Verified,High,Explicit franchise-origin source supplied in lookup
NASCAR,NASCAR,United States,North America,39.828175,-98.5795,Q30,https://www.wikidata.org/wiki/Q30,,Unverified,Unverified,Country assignment present without an explicit franchise-origin source
NBA,NBA,United States,North America,39.828175,-98.5795,Q30,https://www.wikidata.org/wiki/Q30,,Unverified,Unverified,Country assignment present without an explicit franchise-origin source
"NBA,Space Jam","NBA,Space Jam",United States,North America,39.828175,-98.5795,Q30,https://www.wikidata.org/wiki/Q30,,Unverified,Unverified,Country assignment present without an explicit franchise-origin source
NCAA,NCAA,United States,North America,39.828175,-98.5795,Q30,https://www.wikidata.org/wiki/Q30,,Unverified,Unverified,Country assignment present without an explicit franchise-origin source
NFL,NFL,United States,North America,39.828175,-98.5795,Q30,https://www.wikidata.org/wiki/Q30,,Unverified,Unverified,Country assignment present without an explicit franchise-origin source
NHL,NHL,Canada,North America,60.0,-110.0,Q16,https://www.wikidata.org/wiki/Q16,,Unverified,Unverified,Country assignment present without an explicit franchise-origin source
"Nissin,Sanrio","Nissin,Sanrio",Japan,Asia-Pacific,35.0,136.0,Q17,https://www.wikidata.org/wiki/Q17,,Unverified,Unverified,Country assignment present without an explicit franchise-origin source
Nosferatu,Nosferatu,Germany,Europe,51.0,10.0,Q183,https://www.wikidata.org/wiki/Q183,,Unverified,Unverified,Country assignment present without an explicit franchise-origin source
Notorious B.I.G.,Notorious B.I.G.,United States,North America,39.828175,-98.5795,Q30,https://www.wikidata.org/wiki/Q30,,Unverified,Unverified,Country assignment present without an explicit franchise-origin source
"Obi-Wan Kenobi,Star Wars","Obi-Wan Kenobi,Star Wars",United States,North America,39.828175,-98.5795,Q30,https://www.wikidata.org/wiki/Q30,https://www.wikidata.org/wiki/Q462,Verified,High,Explicit franchise-origin source supplied in lookup
Oddvocados,Oddvocados,United States,North America,39.828175,-98.5795,Q30,https://www.wikidata.org/wiki/Q30,,Unverified,Unverified,Country assignment present without an explicit franchise-origin source
One Piece,One Piece,Japan,Asia-Pacific,35.0,136.0,Q17,https://www.wikidata.org/wiki/Q17,https://www.wikidata.org/wiki/Q673,Verified,High,Explicit franchise-origin source supplied in lookup
Outkast,Outkast,United States,North America,39.828175,-98.5795,Q30,https://www.wikidata.org/wiki/Q30,,Unverified,Unverified,Country assignment present without an explicit franchise-origin source
Pan Am,Pan Am,United States,North America,39.828175,-98.5795,Q30,https://www.wikidata.org/wiki/Q30,,Unverified,Unverified,Country assignment present without an explicit franchise-origin source
Parks and Recreation,Parks and Recreation,United States,North America,39.828175,-98.5795,Q30,https://www.wikidata.org/wiki/Q30,,Unverified,Unverified,Country assignment present without an explicit franchise-origin source
Peacemaker,Peacemaker,United States,North America,39.828175,-98.5795,Q30,https://www.wikidata.org/wiki/Q30,,Unverified,Unverified,Country assignment present without an explicit franchise-origin source
Peanuts,Peanuts,United States,North America,39.828175,-98.5795,Q30,https://www.wikidata.org/wiki/Q30,,Unverified,Unverified,Country assignment present without an explicit franchise-origin source
Peppermint Lane,Peppermint Lane,United States,North America,39.828175,-98.5795,Q30,https://www.wikidata.org/wiki/Q30,,Unverified,Unverified,Country assignment present without an explicit franchise-origin source
"Peter Pan,Walt Disney World 50th","Peter Pan,Walt Disney World 50th",United States,North America,39.828175,-98.5795,Q30,https://www.wikidata.org/wiki/Q30,,Unverified,Unverified,Country assignment present without an explicit franchise-origin source
"Pocahontas,Ultimate Princess Collection","Pocahontas,Ultimate Princess Collection",United States,North America,39.828175,-98.5795,Q30,https://www.wikidata.org/wiki/Q30,,Unverified,Unverified,Country assignment present without an explicit franchise-origin source
Pokémon,Pokémon,Japan,Asia-Pacific,35.0,136.0,Q17,https://www.wikidata.org/wiki/Q17,https://www.wikidata.org/wiki/Q864,Verified,High,Explicit franchise-origin source supplied in lookup
Pop-Tarts,Pop-Tarts,United States,North America,39.828175,-98.5795,Q30,https://www.wikidata.org/wiki/Q30,,Unverified,Unverified,Country assignment present without an explicit franchise-origin source
Pops! With Purpose,Pops! With Purpose,United States,North America,39.828175,-98.5795,Q30,https://www.wikidata.org/wiki/Q30,,Unverified,Unverified,Country assignment present without an explicit franchise-origin source
"Pops! With Purpose,United States Air Force","Pops! With Purpose,United States Air Force",United States,North America,39.828175,-98.5795,Q30,https://www.wikidata.org/wiki/Q30,,Unverified,Unverified,Country assignment present without an explicit franchise-origin source
"Pops! With Purpose,United States Army","Pops! With Purpose,United States Army",United States,North America,39.828175,-98.5795,Q30,https://www.wikidata.org/wiki/Q30,,Unverified,Unverified,Country assignment present without an explicit franchise-origin source
"Pops! With Purpose,United States Marine Corps","Pops! With Purpose,United States Marine Corps",United States,North America,39.828175,-98.5795,Q30,https://www.wikidata.org/wiki/Q30,,Unverified,Unverified,Country assignment present without an explicit franchise-origin source
"Pops! With Purpose,United States Navy","Pops! With Purpose,United States Navy",United States,North America,39.828175,-98.5795,Q30,https://www.wikidata.org/wiki/Q30,,Unverified,Unverified,Country assignment present without an explicit franchise-origin source
Post Malone,Post Malone,United States,North America,39.828175,-98.5795,Q30,https://www.wikidata.org/wiki/Q30,,Unverified,Unverified,Country assignment present without an explicit franchise-origin source
Powerpuff Girls,Powerpuff Girls,United States,North America,39.828175,-98.5795,Q30,https://www.wikidata.org/wiki/Q30,,Unverified,Unverified,Country assignment present without an explicit franchise-origin source
"Princess and the Frog,Ultimate Princess Collection","Princess and the Frog,Ultimate Princess Collection",United States,North America,39.828175,-98.5795,Q30,https://www.wikidata.org/wiki/Q30,,Unverified,Unverified,Country assignment present without an explicit franchise-origin source
Queen,Queen,United Kingdom,Europe,54.6,-2.0,Q145,https://www.wikidata.org/wiki/Q145,,Unverified,Unverified,Country assignment present without an explicit franchise-origin source
"Rapunzel,Ultimate Princess Collection","Rapunzel,Ultimate Princess Collection",United States,North America,39.828175,-98.5795,Q30,https://www.wikidata.org/wiki/Q30,,Unverified,Unverified,Country assignment present without an explicit franchise-origin source
Raya and the Last Dragon,Raya and the Last Dragon,United States,North America,39.828175,-98.5795,Q30,https://www.wikidata.org/wiki/Q30,,Unverified,Unverified,Country assignment present without an explicit franchise-origin source
Ren and Stimpy,Ren and Stimpy,United States,North America,39.828175,-98.5795,Q30,https://www.wikidata.org/wiki/Q30,,Unverified,Unverified,Country assignment present without an explicit franchise-origin source
Richard Simmons,Richard Simmons,United States,North America,39.828175,-98.5795,Q30,https://www.wikidata.org/wiki/Q30,,Unverified,Unverified,Country assignment present without an explicit franchise-origin source
Rick and Morty,Rick and Morty,United States,North America,39.828175,-98.5795,Q30,https://www.wikidata.org/wiki/Q30,,Unverified,Unverified,Country assignment present without an explicit franchise-origin source
Rocky,Rocky,United States,North America,39.828175,-98.5795,Q30,https://www.wikidata.org/wiki/Q30,,Unverified,Unverified,Country assignment present without an explicit franchise-origin source
Rugrats,Rugrats,United States,North America,39.828175,-98.5795,Q30,https://www.wikidata.org/wiki/Q30,,Unverified,Unverified,Country assignment present without an explicit franchise-origin source
RUN-DMC,RUN-DMC,United States,North America,39.828175,-98.5795,Q30,https://www.wikidata.org/wiki/Q30,,Unverified,Unverified,Country assignment present without an explicit franchise-origin source
Saint Seiya,Saint Seiya,Japan,Asia-Pacific,35.0,136.0,Q17,https://www.wikidata.org/wiki/Q17,,Unverified,Unverified,Country assignment present without an explicit franchise-origin source
Sally Face,Sally Face,United States,North America,39.828175,-98.5795,Q30,https://www.wikidata.org/wiki/Q30,,Unverified,Unverified,Country assignment present without an explicit franchise-origin source
Samurai Jack,Samurai Jack,United States,North America,39.828175,-98.5795,Q30,https://www.wikidata.org/wiki/Q30,,Unverified,Unverified,Country assignment present without an explicit franchise-origin source
Scooby-Doo,Scooby-Doo,United States,North America,39.828175,-98.5795,Q30,https://www.wikidata.org/wiki/Q30,,Unverified,Unverified,Country assignment present without an explicit franchise-origin source
Seinfeld,Seinfeld,United States,North America,39.828175,-98.5795,Q30,https://www.wikidata.org/wiki/Q30,,Unverified,Unverified,Country assignment present without an explicit franchise-origin source
Shang-Chi,Shang-Chi,United States,North America,39.828175,-98.5795,Q30,https://www.wikidata.org/wiki/Q30,https://www.wikidata.org/wiki/Q642878,Verified,High,Explicit franchise-origin source supplied in lookup
Snapsies,Snapsies,United States,North America,39.828175,-98.5795,Q30,https://www.wikidata.org/wiki/Q30,,Unverified,Unverified,Country assignment present without an explicit franchise-origin source
Snow White,Snow White,United States,North America,39.828175,-98.5795,Q30,https://www.wikidata.org/wiki/Q30,,Unverified,Unverified,Country assignment present without an explicit franchise-origin source
"Snow White,Ultimate Princess Collection","Snow White,Ultimate Princess Collection",United States,North America,39.828175,-98.5795,Q30,https://www.wikidata.org/wiki/Q30,,Unverified,Unverified,Country assignment present without an explicit franchise-origin source
Soccer,Soccer,International / Multiple,Global,,,,,,Unverified,Unverified,Country assignment present without an explicit franchise-origin source
Soda Kats,Soda Kats,United States,North America,39.828175,-98.5795,Q30,https://www.wikidata.org/wiki/Q30,,Unverified,Unverified,Country assignment present without an explicit franchise-origin source
Solar Opposites,Solar Opposites,United States,North America,39.828175,-98.5795,Q30,https://www.wikidata.org/wiki/Q30,,Unverified,Unverified,Country assignment present without an explicit franchise-origin source
Soul,Soul,United States,North America,39.828175,-98.5795,Q30,https://www.wikidata.org/wiki/Q30,,Unverified,Unverified,Country assignment present without an explicit franchise-origin source
Soup Troop,Soup Troop,United States,North America,39.828175,-98.5795,Q30,https://www.wikidata.org/wiki/Q30,,Unverified,Unverified,Country assignment present without an explicit franchise-origin source
South Park,South Park,United States,North America,39.828175,-98.5795,Q30,https://www.wikidata.org/wiki/Q30,,Unverified,Unverified,Country assignment present without an explicit franchise-origin source
Space Jam,Space Jam,United States,North America,39.828175,-98.5795,Q30,https://www.wikidata.org/wiki/Q30,,Unverified,Unverified,Country assignment present without an explicit franchise-origin source
Spider-Man,Spider-Man,United States,North America,39.828175,-98.5795,Q30,https://www.wikidata.org/wiki/Q30,https://www.wikidata.org/wiki/Q642878,Verified,High,Explicit franchise-origin source supplied in lookup
"Spider-Man,Spider-Man No Way Home","Spider-Man,Spider-Man No Way Home",United States,North America,39.828175,-98.5795,Q30,https://www.wikidata.org/wiki/Q30,https://www.wikidata.org/wiki/Q642878,Verified,High,Explicit franchise-origin source supplied in lookup
"Spider-Man,Spider-Man: Miles Morales","Spider-Man,Spider-Man: Miles Morales",United States,North America,39.828175,-98.5795,Q30,https://www.wikidata.org/wiki/Q30,https://www.wikidata.org/wiki/Q642878,Verified,High,Explicit franchise-origin source supplied in lookup
"Spider-Man,What If","Spider-Man,What If",United States,North America,39.828175,-98.5795,Q30,https://www.wikidata.org/wiki/Q30,https://www.wikidata.org/wiki/Q642878,Verified,High,Explicit franchise-origin source supplied in lookup
Squid Game,Squid Game,South Korea,Asia-Pacific,36.0,128.0,Q884,https://www.wikidata.org/wiki/Q884,,Unverified,Unverified,Country assignment present without an explicit franchise-origin source
Star Trek,Star Trek,United States,North America,39.828175,-98.5795,Q30,https://www.wikidata.org/wiki/Q30,,Unverified,Unverified,Country assignment present without an explicit franchise-origin source
Star Wars,Star Wars,United States,North America,39.828175,-98.5795,Q30,https://www.wikidata.org/wiki/Q30,https://www.wikidata.org/wiki/Q462,Verified,High,Explicit franchise-origin source supplied in lookup
Star Wars Concept Series,Star Wars Concept Series,United States,North America,39.828175,-98.5795,Q30,https://www.wikidata.org/wiki/Q30,https://www.wikidata.org/wiki/Q462,Verified,High,Explicit franchise-origin source supplied in lookup
"Star Wars Valentines,The Mandalorian","Star Wars Valentines,The Mandalorian",United States,North America,39.828175,-98.5795,Q30,https://www.wikidata.org/wiki/Q30,https://www.wikidata.org/wiki/Q462,Verified,High,Explicit franchise-origin source supplied in lookup
"Star Wars,Star Wars Concept Series","Star Wars,Star Wars Concept Series",United States,North America,39.828175,-98.5795,Q30,https://www.wikidata.org/wiki/Q30,https://www.wikidata.org/wiki/Q462,Verified,High,Explicit franchise-origin source supplied in lookup
"Star Wars,The Book of Boba Fett","Star Wars,The Book of Boba Fett",United States,North America,39.828175,-98.5795,Q30,https://www.wikidata.org/wiki/Q30,https://www.wikidata.org/wiki/Q462,Verified,High,Explicit franchise-origin source supplied in lookup
"Star Wars,The Mandalorian","Star Wars,The Mandalorian",United States,North America,39.828175,-98.5795,Q30,https://www.wikidata.org/wiki/Q30,https://www.wikidata.org/wiki/Q462,Verified,High,Explicit franchise-origin source supplied in lookup
Stranger Things,Stranger Things,United States,North America,39.828175,-98.5795,Q30,https://www.wikidata.org/wiki/Q30,https://www.wikidata.org/wiki/Q123728481,Verified,High,Explicit franchise-origin source supplied in lookup
Stretch Armstrong,Stretch Armstrong,United States,North America,39.828175,-98.5795,Q30,https://www.wikidata.org/wiki/Q30,,Unverified,Unverified,Country assignment present without an explicit franchise-origin source
Suicide Squad,Suicide Squad,United States,North America,39.828175,-98.5795,Q30,https://www.wikidata.org/wiki/Q30,,Unverified,Unverified,Country assignment present without an explicit franchise-origin source
Tangled,Tangled,United States,North America,39.828175,-98.5795,Q30,https://www.wikidata.org/wiki/Q30,,Unverified,Unverified,Country assignment present without an explicit franchise-origin source
"Tangled,Ultimate Princess Collection","Tangled,Ultimate Princess Collection",United States,North America,39.828175,-98.5795,Q30,https://www.wikidata.org/wiki/Q30,,Unverified,Unverified,Country assignment present without an explicit franchise-origin source
Teen Titans Go,Teen Titans Go,United States,North America,39.828175,-98.5795,Q30,https://www.wikidata.org/wiki/Q30,,Unverified,Unverified,Country assignment present without an explicit franchise-origin source
Teenage Mutant Ninja Turtles,Teenage Mutant Ninja Turtles,United States,North America,39.828175,-98.5795,Q30,https://www.wikidata.org/wiki/Q30,,Unverified,Unverified,Country assignment present without an explicit franchise-origin source
Tennis,Tennis,International / Multiple,Global,,,,,,Unverified,Unverified,Country assignment present without an explicit franchise-origin source
Thanos,Thanos,United States,North America,39.828175,-98.5795,Q30,https://www.wikidata.org/wiki/Q30,https://www.wikidata.org/wiki/Q642878,Verified,High,Explicit franchise-origin source supplied in lookup
The Book of Boba Fett,The Book of Boba Fett,United States,North America,39.828175,-98.5795,Q30,https://www.wikidata.org/wiki/Q30,https://www.wikidata.org/wiki/Q462,Verified,High,Explicit franchise-origin source supplied in lookup
The Boys,The Boys,United States,North America,39.828175,-98.5795,Q30,https://www.wikidata.org/wiki/Q30,,Unverified,Unverified,Country assignment present without an explicit franchise-origin source
The Conjuring,The Conjuring,United States,North America,39.828175,-98.5795,Q30,https://www.wikidata.org/wiki/Q30,,Unverified,Unverified,Country assignment present without an explicit franchise-origin source
The Falcon and the Winter Soldier,The Falcon and the Winter Soldier,United States,North America,39.828175,-98.5795,Q30,https://www.wikidata.org/wiki/Q30,,Unverified,Unverified,Country assignment present without an explicit franchise-origin source
The Fast & The Furious,The Fast & The Furious,United States,North America,39.828175,-98.5795,Q30,https://www.wikidata.org/wiki/Q30,,Unverified,Unverified,Country assignment present without an explicit franchise-origin source
The Flash,The Flash,United States,North America,39.828175,-98.5795,Q30,https://www.wikidata.org/wiki/Q30,,Unverified,Unverified,Country assignment present without an explicit franchise-origin source
The Godfather,The Godfather,United States,North America,39.828175,-98.5795,Q30,https://www.wikidata.org/wiki/Q30,,Unverified,Unverified,Country assignment present without an explicit franchise-origin source
The Golden Girls,The Golden Girls,United States,North America,39.828175,-98.5795,Q30,https://www.wikidata.org/wiki/Q30,,Unverified,Unverified,Country assignment present without an explicit franchise-origin source
The Goonies,The Goonies,United States,North America,39.828175,-98.5795,Q30,https://www.wikidata.org/wiki/Q30,,Unverified,Unverified,Country assignment present without an explicit franchise-origin source
The Last Jedi,The Last Jedi,United States,North America,39.828175,-98.5795,Q30,https://www.wikidata.org/wiki/Q30,https://www.wikidata.org/wiki/Q462,Verified,High,Explicit franchise-origin source supplied in lookup
"The Little  Mermaid,Ultimate Princess Collection","The Little  Mermaid,Ultimate Princess Collection",United States,North America,39.828175,-98.5795,Q30,https://www.wikidata.org/wiki/Q30,,Unverified,Unverified,Country assignment present without an explicit franchise-origin source
The Little Mermaid,The Little Mermaid,United States,North America,39.828175,-98.5795,Q30,https://www.wikidata.org/wiki/Q30,,Unverified,Unverified,Country assignment present without an explicit franchise-origin source
The Mandalorian,The Mandalorian,United States,North America,39.828175,-98.5795,Q30,https://www.wikidata.org/wiki/Q30,https://www.wikidata.org/wiki/Q462,Verified,High,Explicit franchise-origin source supplied in lookup
The Matrix,The Matrix,United States,North America,39.828175,-98.5795,Q30,https://www.wikidata.org/wiki/Q30,,Unverified,Unverified,Country assignment present without an explicit franchise-origin source
The Mummy,The Mummy,United States,North America,39.828175,-98.5795,Q30,https://www.wikidata.org/wiki/Q30,,Unverified,Unverified,Country assignment present without an explicit franchise-origin source
The Nightmare Before Christmas,The Nightmare Before Christmas,United States,North America,39.828175,-98.5795,Q30,https://www.wikidata.org/wiki/Q30,,Unverified,Unverified,Country assignment present without an explicit franchise-origin source
The Nun,The Nun,United States,North America,39.828175,-98.5795,Q30,https://www.wikidata.org/wiki/Q30,,Unverified,Unverified,Country assignment present without an explicit franchise-origin source
The Office,The Office,United States,North America,39.828175,-98.5795,Q30,https://www.wikidata.org/wiki/Q30,,Unverified,Unverified,Country assignment present without an explicit franchise-origin source
The Rise of Skywalker,The Rise of Skywalker,United States,North America,39.828175,-98.5795,Q30,https://www.wikidata.org/wiki/Q30,https://www.wikidata.org/wiki/Q462,Verified,High,Explicit franchise-origin source supplied in lookup
The Rocketeer,The Rocketeer,United States,North America,39.828175,-98.5795,Q30,https://www.wikidata.org/wiki/Q30,,Unverified,Unverified,Country assignment present without an explicit franchise-origin source
The Silence of the Lambs,The Silence of the Lambs,United States,North America,39.828175,-98.5795,Q30,https://www.wikidata.org/wiki/Q30,,Unverified,Unverified,Country assignment present without an explicit franchise-origin source
The Simpsons,The Simpsons,United States,North America,39.828175,-98.5795,Q30,https://www.wikidata.org/wiki/Q30,,Unverified,Unverified,Country assignment present without an explicit franchise-origin source
The Sword in the Stone,The Sword in the Stone,United States,North America,39.828175,-98.5795,Q30,https://www.wikidata.org/wiki/Q30,,Unverified,Unverified,Country assignment present without an explicit franchise-origin source
The Texas Chainsaw Massacre,The Texas Chainsaw Massacre,United States,North America,39.828175,-98.5795,Q30,https://www.wikidata.org/wiki/Q30,,Unverified,Unverified,Country assignment present without an explicit franchise-origin source
The Umbrella Academy,The Umbrella Academy,United States,North America,39.828175,-98.5795,Q30,https://www.wikidata.org/wiki/Q30,,Unverified,Unverified,Country assignment present without an explicit franchise-origin source
The Walking Dead,The Walking Dead,United States,North America,39.828175,-98.5795,Q30,https://www.wikidata.org/wiki/Q30,,Unverified,Unverified,Country assignment present without an explicit franchise-origin source
The Warriors,The Warriors,United States,North America,39.828175,-98.5795,Q30,https://www.wikidata.org/wiki/Q30,,Unverified,Unverified,Country assignment present without an explicit franchise-origin source
The White Stripes,The White Stripes,United States,North America,39.828175,-98.5795,Q30,https://www.wikidata.org/wiki/Q30,,Unverified,Unverified,Country assignment present without an explicit franchise-origin source
The Witcher,The Witcher,Poland,Europe,52.0,19.0,Q36,https://www.wikidata.org/wiki/Q36,https://www.wikidata.org/wiki/Q16977200,Verified,High,Explicit franchise-origin source supplied in lookup
They Live,They Live,United States,North America,39.828175,-98.5795,Q30,https://www.wikidata.org/wiki/Q30,,Unverified,Unverified,Country assignment present without an explicit franchise-origin source
Thor Love and Thunder,Thor Love and Thunder,United States,North America,39.828175,-98.5795,Q30,https://www.wikidata.org/wiki/Q30,https://www.wikidata.org/wiki/Q642878,Verified,High,Explicit franchise-origin source supplied in lookup
"Thor,Thor Love and Thunder","Thor,Thor Love and Thunder",United States,North America,39.828175,-98.5795,Q30,https://www.wikidata.org/wiki/Q30,https://www.wikidata.org/wiki/Q642878,Verified,High,Explicit franchise-origin source supplied in lookup
"Thor,Venom","Thor,Venom",United States,North America,39.828175,-98.5795,Q30,https://www.wikidata.org/wiki/Q30,https://www.wikidata.org/wiki/Q642878,Verified,High,Explicit franchise-origin source supplied in lookup
TLC,TLC,United States,North America,39.828175,-98.5795,Q30,https://www.wikidata.org/wiki/Q30,,Unverified,Unverified,Country assignment present without an explicit franchise-origin source
Toilet Ninjas,Toilet Ninjas,United States,North America,39.828175,-98.5795,Q30,https://www.wikidata.org/wiki/Q30,,Unverified,Unverified,Country assignment present without an explicit franchise-origin source
Tokidoki,Tokidoki,United States,North America,39.828175,-98.5795,Q30,https://www.wikidata.org/wiki/Q30,,Unverified,Unverified,Country assignment present without an explicit franchise-origin source
Tokyo Ghoul,Tokyo Ghoul,Japan,Asia-Pacific,35.0,136.0,Q17,https://www.wikidata.org/wiki/Q17,,Unverified,Unverified,Country assignment present without an explicit franchise-origin source
Tony the Tiger,Tony the Tiger,United States,North America,39.828175,-98.5795,Q30,https://www.wikidata.org/wiki/Q30,,Unverified,Unverified,Country assignment present without an explicit franchise-origin source
Toy Story,Toy Story,United States,North America,39.828175,-98.5795,Q30,https://www.wikidata.org/wiki/Q30,,Unverified,Unverified,Country assignment present without an explicit franchise-origin source
Transformers,Transformers,International / Multiple,Global,,,,,,Unverified,Unverified,Country assignment present without an explicit franchise-origin source
Trick ‘r Treat,Trick ‘r Treat,United States,North America,39.828175,-98.5795,Q30,https://www.wikidata.org/wiki/Q30,,Unverified,Unverified,Country assignment present without an explicit franchise-origin source
Tupac Shakur,Tupac Shakur,United States,North America,39.828175,-98.5795,Q30,https://www.wikidata.org/wiki/Q30,,Unverified,Unverified,Country assignment present without an explicit franchise-origin source
Turning Red,Turning Red,United States,North America,39.828175,-98.5795,Q30,https://www.wikidata.org/wiki/Q30,,Unverified,Unverified,Country assignment present without an explicit franchise-origin source
Twenty One Pilots,Twenty One Pilots,United States,North America,39.828175,-98.5795,Q30,https://www.wikidata.org/wiki/Q30,,Unverified,Unverified,Country assignment present without an explicit franchise-origin source
Twisted Treats,Twisted Treats,United States,North America,39.828175,-98.5795,Q30,https://www.wikidata.org/wiki/Q30,,Unverified,Unverified,Country assignment present without an explicit franchise-origin source
Ultimate Princess Collection,Ultimate Princess Collection,United States,North America,39.828175,-98.5795,Q30,https://www.wikidata.org/wiki/Q30,,Unverified,Unverified,Country assignment present without an explicit franchise-origin source
Universal Monsters,Universal Monsters,United States,North America,39.828175,-98.5795,Q30,https://www.wikidata.org/wiki/Q30,,Unverified,Unverified,Country assignment present without an explicit franchise-origin source
Up,Up,United States,North America,39.828175,-98.5795,Q30,https://www.wikidata.org/wiki/Q30,,Unverified,Unverified,Country assignment present without an explicit franchise-origin source
Venom,Venom,United States,North America,39.828175,-98.5795,Q30,https://www.wikidata.org/wiki/Q30,https://www.wikidata.org/wiki/Q642878,Verified,High,Explicit franchise-origin source supplied in lookup
Villainous Valentines,Villainous Valentines,United States,North America,39.828175,-98.5795,Q30,https://www.wikidata.org/wiki/Q30,,Unverified,Unverified,Country assignment present without an explicit franchise-origin source
WALL-E,WALL-E,United States,North America,39.828175,-98.5795,Q30,https://www.wikidata.org/wiki/Q30,,Unverified,Unverified,Country assignment present without an explicit franchise-origin source
Walt Disney World 50th,Walt Disney World 50th,United States,North America,39.828175,-98.5795,Q30,https://www.wikidata.org/wiki/Q30,,Unverified,Unverified,Country assignment present without an explicit franchise-origin source
WandaVision,WandaVision,United States,North America,39.828175,-98.5795,Q30,https://www.wikidata.org/wiki/Q30,https://www.wikidata.org/wiki/Q642878,Verified,High,Explicit franchise-origin source supplied in lookup
What If,What If,United States,North America,39.828175,-98.5795,Q30,https://www.wikidata.org/wiki/Q30,https://www.wikidata.org/wiki/Q642878,Verified,High,Explicit franchise-origin source supplied in lookup
Whitney Houston,Whitney Houston,United States,North America,39.828175,-98.5795,Q30,https://www.wikidata.org/wiki/Q30,,Unverified,Unverified,Country assignment present without an explicit franchise-origin source
Winnie the Pooh,Winnie the Pooh,United States,North America,39.828175,-98.5795,Q30,https://www.wikidata.org/wiki/Q30,,Unverified,Unverified,Country assignment present without an explicit franchise-origin source
Wonder Woman,Wonder Woman,United States,North America,39.828175,-98.5795,Q30,https://www.wikidata.org/wiki/Q30,,Unverified,Unverified,Country assignment present without an explicit franchise-origin source
WWE,WWE,United States,North America,39.828175,-98.5795,Q30,https://www.wikidata.org/wiki/Q30,,Unverified,Unverified,Country assignment present without an explicit franchise-origin source
Yu-Gi-Oh!,Yu-Gi-Oh!,Japan,Asia-Pacific,35.0,136.0,Q17,https://www.wikidata.org/wiki/Q17,,Unverified,Unverified,Country assignment present without an explicit franchise-origin source
Yungblud,Yungblud,United Kingdom,Europe,54.6,-2.0,Q145,https://www.wikidata.org/wiki/Q145,,Unverified,Unverified,Country assignment present without an explicit franchise-origin source
Zorro,Zorro,United States,North America,39.828175,-98.5795,Q30,https://www.wikidata.org/wiki/Q30,,Unverified,Unverified,Country assignment present without an explicit franchise-origin source
