Event,Venue,City,Country,Region,Dates,Latitude,Longitude,LocationPrecision,EventType,VerifiedType,Verification,OfficialSourceURL,CoordinateNote
Funko Store Dubai Hills Mall,Dubai Hills Mall,Dubai,United Arab Emirates,Middle East,2–4 Oct 2026,25.1016,55.23968,Venue,Store / fan event,Official Funko store event,Verified by Funko official source,https://funko.com/gg/funko-blog-home/funko-event-edition.html,Venue-level coordinate
Funko Store Dubai Mall,Dubai Mall,Dubai,United Arab Emirates,Middle East,2–4 Oct 2026,25.199514,55.277397,Venue,Store / fan event,Official Funko store event,Verified by Funko official source,https://funko.com/gg/funko-blog-home/funko-event-edition.html,Venue-level coordinate
Funko Store Abu Dhabi Reem Mall,Reem Mall,Abu Dhabi,United Arab Emirates,Middle East,2–4 Oct 2026,24.48822,54.40031,Venue,Store / fan event,Official Funko store event,Verified by Funko official source,https://funko.com/gg/funko-blog-home/funko-event-edition.html,Venue-level coordinate
Comic Con Stuttgart,Messe Stuttgart,Stuttgart,Germany,Europe,28–29 Nov 2026,48.6937,9.1869,Venue,Convention,Funko-verified EVENT EDITION convention,Verified by Funko official source,https://funko.com/gg/funko-blog-home/funko-event-edition.html,Venue-level coordinate
Manga Barcelona,Fira Barcelona Gran Via,Barcelona,Spain,Europe,5–8 Dec 2026,41.3546,2.1281,Venue,Convention,Funko-verified EVENT EDITION convention,Verified by Funko official source,https://funko.com/gg/funko-blog-home/funko-event-edition.html,Venue-level coordinate
Lucca Comics & Games,Lucca city festival area,Lucca,Italy,Europe,28 Oct–1 Nov 2026,43.8429,10.5027,City,Convention,Funko-verified EVENT EDITION convention,Verified by Funko official source,https://funko.com/gg/funko-blog-home/funko-event-edition.html,City-level coordinate
Made in Asia,Brussels Expo,Brussels,Belgium,Europe,17–18 Oct 2026,50.899,4.337,Venue,Convention,Funko-verified EVENT EDITION convention,Verified by Funko official source,https://funko.com/gg/funko-blog-home/funko-event-edition.html,Venue-level coordinate
Heroes Dutch Comic Con,Jaarbeurs Utrecht,Utrecht,Netherlands,Europe,21–22 Nov 2026,52.0888,5.1065,Venue,Convention,Funko-verified EVENT EDITION convention,Verified by Funko official source,https://funko.com/gg/funko-blog-home/funko-event-edition.html,Venue-level coordinate
Heroes Comic Con Stockholm,Stockholmsmässan,Stockholm,Sweden,Europe,30 Oct–1 Nov 2026,59.27752,18.01509,Venue,Convention,Funko-verified EVENT EDITION convention,Verified by Funko official source,https://funko.com/gg/funko-blog-home/funko-event-edition.html,Venue-level coordinate
Heroes Comic Con Denmark,Bella Center,Copenhagen,Denmark,Europe,7–8 Nov 2026,55.638,12.5787,Venue,Convention,Funko-verified EVENT EDITION convention,Verified by Funko official source,https://funko.com/gg/funko-blog-home/funko-event-edition.html,Venue-level coordinate
AthensCon,Tae Kwon Do Olympic Arena,Athens,Greece,Europe,4–6 Dec 2026,37.941,23.6924,Venue,Convention,Funko-verified EVENT EDITION convention,Verified by Funko official source,https://funko.com/gg/funko-blog-home/funko-event-edition.html,Venue-level coordinate
Singapore Comic Con,Marina Bay Sands Expo & Convention Centre,Singapore,Singapore,Asia & Pacific,4–6 Dec 2026,1.2836,103.8593,Venue,Convention,Funko-verified EVENT EDITION convention,Verified by Funko official source,https://funko.com/gg/funko-blog-home/funko-event-edition.html,Venue-level coordinate
Wonder Festival Shanghai,Shanghai New International Expo Centre,Shanghai,China,Asia & Pacific,3–4 Oct 2026,31.2118,121.5637,Venue,Convention,Funko-verified EVENT EDITION convention,Verified by Funko official source,https://funko.com/gg/funko-blog-home/funko-event-edition.html,Venue-level coordinate
Tokyo Comic Con,Makuhari Messe,Chiba,Japan,Asia & Pacific,11–13 Dec 2026,35.64704,140.03423,Venue,Convention,Funko-verified EVENT EDITION convention,Verified by Funko official source,https://funko.com/gg/funko-blog-home/funko-event-edition.html,Venue-level coordinate
Indonesia Comic Con,JIExpo Kemayoran,Jakarta,Indonesia,Asia & Pacific,3–4 Oct 2026,-6.1467,106.8446,Venue,Convention,Funko-verified EVENT EDITION convention,Verified by Funko official source,https://funko.com/gg/funko-blog-home/funko-event-edition.html,Venue-level coordinate
MY Funko POP! Fans Festival,"Sheldonet Toy Store, IOI City Mall",Sepang / Putrajaya area,Malaysia,Asia & Pacific,26 Oct–1 Nov 2026,2.96946,101.71421,Venue,Store / fan event,Funko-authorised fan event,Verified by Funko official source,https://funko.com/gg/funko-blog-home/funko-event-edition.html,Venue-level coordinate
Supanova Adelaide,Adelaide Showground,Adelaide,Australia,Asia & Pacific,30 Oct–1 Nov 2026,-34.9464,138.5887,Venue,Convention,Funko-verified EVENT EDITION convention,Verified by Funko official source,https://funko.com/gg/funko-blog-home/funko-event-edition.html,Venue-level coordinate
Supanova Brisbane,Brisbane Convention & Exhibition Centre,Brisbane,Australia,Asia & Pacific,6–8 Nov 2026,-27.4766,153.018,Venue,Convention,Funko-verified EVENT EDITION convention,Verified by Funko official source,https://funko.com/gg/funko-blog-home/funko-event-edition.html,Venue-level coordinate
Oz Comic Con Xmas Edition Melbourne,Melbourne Convention & Exhibition Centre,Melbourne,Australia,Asia & Pacific,5–6 Dec 2026,-37.8251,144.9531,Venue,Convention,Funko-verified EVENT EDITION convention,Verified by Funko official source,https://funko.com/gg/funko-blog-home/funko-event-edition.html,Venue-level coordinate
CCXP,São Paulo Expo,São Paulo,Brazil,Latin America,3–6 Dec 2026,-23.6475,-46.6294,Venue,Convention,Funko-verified EVENT EDITION convention,Verified by Funko official source,https://funko.com/gg/funko-blog-home/funko-event-edition.html,Venue-level coordinate
Argentina Comic Con,BA Ferial (Costa Salguero),Buenos Aires,Argentina,Latin America,4–6 Dec 2026,-34.5709,-58.3975,Venue,Convention,Funko-verified EVENT EDITION convention,Verified by Funko official source,https://funko.com/gg/funko-blog-home/funko-event-edition.html,Venue-level coordinate
Sport Card Expo,The International Centre,Mississauga,Canada,Canada,5–8 Nov 2026,43.7038,-79.6377,Venue,Convention,Funko-verified EVENT EDITION convention,Verified by Funko official source,https://funko.com/gg/funko-blog-home/funko-event-edition.html,Venue-level coordinate
Toronto Game Expo,"Better Living Centre, Exhibition Place",Toronto,Canada,Canada,7–8 Nov 2026,43.6323,-79.4221,Venue,Convention,Funko-verified EVENT EDITION convention,Verified by Funko official source,https://funko.com/gg/funko-blog-home/funko-event-edition.html,Venue-level coordinate
Funko Store Philippines Fan Event,"Funko Store Philippines, SM Mall of Asia",Pasay / Metro Manila,Philippines,Asia & Pacific,2–4 Oct 2026,14.5354,120.9823,Venue,Store / fan event,Official Funko store event,Verified by Funko official source,https://funko.com/gg/funko-blog-home/funko-event-edition.html,SM Mall of Asia Funko Store location
Limited Edition Stores Fan Event,Limited Edition stores (multi-store event),Mexico City metropolitan area,Mexico,Latin America,15–20 Oct 2026,19.4326,-99.1332,City,Store / fan event,Funko-authorised fan event,Verified by Funko official source,https://funko.com/gg/funko-blog-home/funko-event-edition.html,City-level coordinate because Funko lists a multi-store event
Phantom Fan Event,Phantom stores (Jockey Plaza / Plaza San Miguel / Mall del Sur / MegaPlaza),Lima,Peru,Latin America,8–11 Oct 2026,-12.0464,-77.0428,City,Store / fan event,Funko-authorised fan event,Verified by Funko official source,https://funko.com/gg/funko-blog-home/funko-event-edition.html,City-level coordinate for a four-store Lima event
Emerald City Comic Con 2026,Seattle Convention Center,Seattle,United States,North America,5–8 Mar 2026,47.6114,-122.3321,Venue,Convention,Official Funko convention appearance,Verified by Funko official source,https://funko.com/funko-blog-home/funko-joins-emerald-city-comic-con-2026.html,Seattle Convention Center
San Diego Comic-Con 2026,San Diego Convention Center,San Diego,United States,North America,22–26 Jul 2026,32.7069,-117.1618,Venue,Convention,Official Funko convention appearance,Verified by Funko official source,https://funko.com/funko-blog-home/funko-joins-sdcc-2026-everything-you-need-to-know.html,San Diego Convention Center
New York Comic Con 2026,Javits Center,New York City,United States,North America,8–11 Oct 2026,40.7575,-74.0025,Venue,Convention,Official Funko convention appearance,Verified by Funko official source,https://funko.com/funko-blog-home/funko-at-new-york-comic-con-2026.html,Javits Center
Funko Everett Flagship Retail Store,Funko HQ & Flagship Retail Store,Everett,United States,North America,Permanent store,47.980288,-122.207233,Address,Official Funko store,Official Funko store,Verified by Funko official store page,https://funko.com/locations-everett.html,Address-level coordinate for 2802 Wetmore Ave
Funko Hollywood Flagship Retail Store,Funko Hollywood,Los Angeles,United States,North America,Permanent store,34.102001,-118.324049,Address,Official Funko store,Official Funko store,Verified by Funko official store page,https://funko.com/locations-hollywood.html,Address-level coordinate for 6201 Hollywood Blvd
Funko Buckeye Retail,Funko Buckeye Retail,Buckeye,United States,North America,Permanent store,33.3703,-112.5838,City,Official Funko store,Official Funko store,Verified by Funko official store page,https://funko.com/locations-buckeye.html,City-level coordinate; official store address is 2600 S Miller Road
