Event,City,Country,Region,Year,Latitude,Longitude,SourceType,Venue
Funko Store Dubai Hills Mall,Dubai,United Arab Emirates,Middle East,2026,25.1016,55.23968,Funko-linked event,Dubai Hills Mall
Funko Store Dubai Mall,Dubai,United Arab Emirates,Middle East,2026,25.199514,55.277397,Funko-linked event,Dubai Mall
Funko Store Abu Dhabi Reem Mall,Abu Dhabi,United Arab Emirates,Middle East,2026,24.48822,54.40031,Funko-linked event,Reem Mall
Comic Con Stuttgart,Stuttgart,Germany,Europe,2026,48.6937,9.1869,Funko-linked event,Messe Stuttgart
Manga Barcelona,Barcelona,Spain,Europe,2026,41.3546,2.1281,Funko-linked event,Fira Barcelona Gran Via
Lucca Comics & Games,Lucca,Italy,Europe,2026,43.8429,10.5027,Funko-linked event,Lucca city festival area
Made in Asia,Brussels,Belgium,Europe,2026,50.899,4.337,Funko-linked event,Brussels Expo
Heroes Dutch Comic Con,Utrecht,Netherlands,Europe,2026,52.0888,5.1065,Funko-linked event,Jaarbeurs Utrecht
Heroes Comic Con Stockholm,Stockholm,Sweden,Europe,2026,59.27752,18.01509,Funko-linked event,Stockholmsmässan
Heroes Comic Con Denmark,Copenhagen,Denmark,Europe,2026,55.638,12.5787,Funko-linked event,Bella Center
AthensCon,Athens,Greece,Europe,2026,37.941,23.6924,Funko-linked event,Tae Kwon Do Olympic Arena
Singapore Comic Con,Singapore,Singapore,Asia & Pacific,2026,1.2836,103.8593,Funko-linked event,Marina Bay Sands Expo & Convention Centre
Wonder Festival Shanghai,Shanghai,China,Asia & Pacific,2026,31.2118,121.5637,Funko-linked event,Shanghai New International Expo Centre
Tokyo Comic Con,Chiba,Japan,Asia & Pacific,2026,35.64704,140.03423,Funko-linked event,Makuhari Messe
Indonesia Comic Con,Jakarta,Indonesia,Asia & Pacific,2026,-6.1467,106.8446,Funko-linked event,JIExpo Kemayoran
MY Funko POP! Fans Festival,Sepang / Putrajaya area,Malaysia,Asia & Pacific,2026,2.96946,101.71421,Funko-linked event,"Sheldonet Toy Store, IOI City Mall"
Supanova Adelaide,Adelaide,Australia,Asia & Pacific,2026,-34.9464,138.5887,Funko-linked event,Adelaide Showground
Supanova Brisbane,Brisbane,Australia,Asia & Pacific,2026,-27.4766,153.018,Funko-linked event,Brisbane Convention & Exhibition Centre
Oz Comic Con Xmas Edition Melbourne,Melbourne,Australia,Asia & Pacific,2026,-37.8251,144.9531,Funko-linked event,Melbourne Convention & Exhibition Centre
CCXP,São Paulo,Brazil,Latin America,2026,-23.6475,-46.6294,Funko-linked event,São Paulo Expo
Argentina Comic Con,Buenos Aires,Argentina,Latin America,2026,-34.5709,-58.3975,Funko-linked event,BA Ferial (Costa Salguero)
Sport Card Expo,Mississauga,Canada,Canada,2026,43.7038,-79.6377,Funko-linked event,The International Centre
Toronto Game Expo,Toronto,Canada,Canada,2026,43.6323,-79.4221,Funko-linked event,"Better Living Centre, Exhibition Place"
Comiket,Tokyo,Japan,Asia-Pacific,2019,35.63028,139.79361,Major pop-culture convention,
Gamescom,Cologne,Germany,Europe,2019,50.94586,6.97929,Major pop-culture convention,
Anime Expo,Los Angeles,United States,North America,2019,34.039737,-118.270293,Major pop-culture convention,
CCXP,São Paulo,Brazil,Latin America,2019,-23.64489,-46.62922,Major pop-culture convention,
Lucca Comics & Games,Lucca,Italy,Europe,2019,43.8,10.5,Major pop-culture convention,
Japan Expo,Villepinte / Paris,France,Europe,2019,48.97222,2.51639,Major pop-culture convention,
New York Comic Con,New York City,United States,North America,2019,40.7575,-74.0025,Major pop-culture convention,
San Diego Comic-Con,San Diego,United States,North America,2019,32.70639,-117.16139,Major pop-culture convention,
Fan Expo Canada,Toronto,Canada,North America,2019,43.64384,-79.38664,Major pop-culture convention,
MCM London Comic Con,London,United Kingdom,Europe,2019,51.50813,0.02972,Major pop-culture convention,
Comic Fiesta,Kuala Lumpur,Malaysia,Asia-Pacific,2019,3.15432,101.71353,Major pop-culture convention,
